{
  "properties": {
    "connectionReferences": {
      "shared_commondataserviceforapps": {
        "runtimeSource": "embedded",
        "connection": {
          "connectionReferenceLogicalName": "fm_sharedcommondataserviceforapps_cf47b"
        },
        "api": {
          "name": "shared_commondataserviceforapps"
        }
      }
    },
    "definition": {
      "$schema": "https://schema.management.azure.com/providers/Microsoft.Logic/schemas/2016-06-01/workflowdefinition.json#",
      "contentVersion": "1.0.0.0",
      "parameters": {
        "$connections": {
          "defaultValue": {},
          "type": "Object"
        },
        "$authentication": {
          "defaultValue": {},
          "type": "SecureObject"
        }
      },
      "triggers": {
        "manual": {
          "metadata": {
            "operationMetadataId": "c97fd63d-964c-4bb7-a561-bb672a706633"
          },
          "type": "Request",
          "kind": "PowerAppV2",
          "inputs": {
            "schema": {
              "type": "object",
              "properties": {},
              "required": []
            }
          }
        }
      },
      "actions": {
        "List_rows_-_Jobs": {
          "runAfter": {},
          "metadata": {
            "operationMetadataId": "3d9580e0-d032-4a46-939e-d7ffd7d714e6"
          },
          "type": "OpenApiConnection",
          "inputs": {
            "host": {
              "connectionName": "shared_commondataserviceforapps",
              "operationId": "ListRecords",
              "apiId": "/providers/Microsoft.PowerApps/apis/shared_commondataserviceforapps"
            },
            "parameters": {
              "entityName": "fm_jobses"
            },
            "authentication": "@parameters('$authentication')"
          }
        },
        "Condition_-_Empty": {
          "actions": {
            "Add_a_new_row_-_Program": {
              "runAfter": {},
              "metadata": {
                "operationMetadataId": "894068b9-9c68-4509-a4c9-87cc5c387ac8"
              },
              "type": "OpenApiConnection",
              "inputs": {
                "host": {
                  "connectionName": "shared_commondataserviceforapps",
                  "operationId": "CreateRecord",
                  "apiId": "/providers/Microsoft.PowerApps/apis/shared_commondataserviceforapps"
                },
                "parameters": {
                  "entityName": "fm_jobses",
                  "item/fm_jobtitle": "Programme Management Assistant"
                },
                "authentication": "@parameters('$authentication')"
              }
            },
            "Add_a_new_row_-_IT": {
              "runAfter": {
                "Add_a_new_row_-_Program": [
                  "Succeeded"
                ]
              },
              "metadata": {
                "operationMetadataId": "4adbca19-2d02-4352-a743-beb2f1d3a153"
              },
              "type": "OpenApiConnection",
              "inputs": {
                "host": {
                  "connectionName": "shared_commondataserviceforapps",
                  "operationId": "CreateRecord",
                  "apiId": "/providers/Microsoft.PowerApps/apis/shared_commondataserviceforapps"
                },
                "parameters": {
                  "entityName": "fm_jobses",
                  "item/fm_jobtitle": "Information Systems Assistant"
                },
                "authentication": "@parameters('$authentication')"
              }
            },
            "Add_a_new_row_-_HR": {
              "runAfter": {
                "Add_a_new_row_-_IT": [
                  "Succeeded"
                ]
              },
              "metadata": {
                "operationMetadataId": "ac1ab0b2-3568-4b52-bf7d-fe4c88a7ee0f"
              },
              "type": "OpenApiConnection",
              "inputs": {
                "host": {
                  "connectionName": "shared_commondataserviceforapps",
                  "operationId": "CreateRecord",
                  "apiId": "/providers/Microsoft.PowerApps/apis/shared_commondataserviceforapps"
                },
                "parameters": {
                  "entityName": "fm_jobses",
                  "item/fm_jobtitle": "Human Resource Assistant"
                },
                "authentication": "@parameters('$authentication')"
              }
            }
          },
          "runAfter": {
            "List_rows_-_Jobs": [
              "Succeeded"
            ]
          },
          "expression": {
            "equals": [
              "@length(body('List_rows_-_Jobs')?['value'])",
              0
            ]
          },
          "metadata": {
            "operationMetadataId": "bfbb9459-eb52-4f30-920a-703c1c92f86c"
          },
          "type": "If"
        }
      }
    },
    "templateName": null
  },
  "schemaVersion": "1.0.0.0"
}